Date,IP,Path,ResponseCode
02/17/2024 23:42:03,[::1]:6457,/,200
02/17/2024 23:42:03,[::1]:6458,/assets/xtk3kmd.js.Без названия,200
02/17/2024 23:42:03,[::1]:6457,/assets/218.css,200
02/17/2024 23:42:03,[::1]:6457,/assets/img-halftone.png,200
02/17/2024 23:42:03,[::1]:6458,/assets/img-lg-vert-border.png,200
02/17/2024 23:42:03,[::1]:6460,/assets/img-lg-horiz-border.png,200
02/17/2024 23:42:03,[::1]:6461,/assets/img-sprite.png,200
02/17/2024 23:42:03,[::1]:6462,/assets/img-bottle.png,200
02/17/2024 23:42:03,[::1]:6463,/assets/img-look-right.png,200
02/17/2024 23:42:03,[::1]:6458,/assets/img-lookup.png,200
02/17/2024 23:42:03,[::1]:6457,/assets/img-pointer-guy.png,200
02/17/2024 23:42:36,[::1]:6457,/assets/img-pointer-guy.png,200
02/17/2024 23:42:44,[::1]:6457,/assets/img-pointer-guy.pn,404
02/17/2024 23:46:01,[::1]:6618,/assets,404
02/17/2024 23:46:14,[::1]:6618,/assets/218.css,200
02/17/2024 23:47:31,[::1]:6627,/assets/218.css,200
02/17/2024 23:47:45,[::1]:6627,/,200
02/17/2024 23:47:45,[::1]:6627,/assets/218.css,200
02/17/2024 23:47:45,[::1]:6628,/assets/xtk3kmd.js.Без названия,200
02/17/2024 23:47:45,[::1]:6628,/assets/img-halftone.png,200
02/17/2024 23:47:45,[::1]:6627,/assets/img-lg-vert-border.png,200
02/17/2024 23:47:45,[::1]:6631,/assets/img-lg-horiz-border.png,200
02/17/2024 23:47:45,[::1]:6632,/assets/img-sprite.png,200
02/17/2024 23:47:45,[::1]:6633,/assets/img-bottle.png,200
02/17/2024 23:47:45,[::1]:6634,/assets/img-look-right.png,200
02/17/2024 23:47:45,[::1]:6628,/assets/img-lookup.png,200
02/17/2024 23:47:45,[::1]:6627,/assets/img-pointer-guy.png,200
02/17/2024 23:48:00,[::1]:6627,/index.html,200
02/17/2024 23:48:00,[::1]:6627,/assets/218.css,200
02/17/2024 23:48:00,[::1]:6628,/assets/xtk3kmd.js.Без названия,200
02/17/2024 23:48:00,[::1]:6628,/assets/img-halftone.png,200
02/17/2024 23:48:00,[::1]:6627,/assets/img-lg-vert-border.png,200
02/17/2024 23:48:00,[::1]:6628,/assets/img-lg-horiz-border.png,200
02/17/2024 23:48:00,[::1]:6634,/assets/img-sprite.png,200
02/17/2024 23:48:00,[::1]:6627,/assets/img-bottle.png,200
02/17/2024 23:48:00,[::1]:6628,/assets/img-look-right.png,200
02/17/2024 23:48:00,[::1]:6634,/assets/img-lookup.png,200
02/17/2024 23:48:00,[::1]:6627,/assets/img-pointer-guy.png,200
